scenario,2020,2020,2020,2020,2020,2020,2020,2020,2020,2020,2020,2020,2020,2020,2020,2020,2020,2020,2020,2020,2020,2020,2020,2020,2020,2020,2020,2020,2020,2020,2030,2030,2030,2030,2030,2030,2030,2030,2030,2030,2030,2030,2030,2030,2030,2030,2030,2030,2030,2030,2030,2030,2030,2030,2030,2030,2030,2030,2030,2030,2050,2050,2050,2050,2050,2050,2050,2050,2050,2050,2050,2050,2050,2050,2050,2050,2050,2050,2050,2050,2050,2050,2050,2050,2050,2050,2050,2050,2050,2050,2050-steel_tanks,2050-steel_tanks,2050-steel_tanks,2050-steel_tanks,2050-steel_tanks,2050-steel_tanks,2050-steel_tanks,2050-steel_tanks,2050-steel_tanks,2050-steel_tanks,2050-steel_tanks,2050-steel_tanks,2050-steel_tanks,2050-steel_tanks,2050-steel_tanks,2050-steel_tanks,2050-steel_tanks,2050-steel_tanks,2050-steel_tanks,2050-steel_tanks,2050-steel_tanks,2050-steel_tanks,2050-steel_tanks,2050-steel_tanks,2050-steel_tanks,2050-steel_tanks,2050-steel_tanks,2050-steel_tanks,2050-steel_tanks,2050-steel_tanks
country,AT,BE,BG,CH,CY,CZ,DE,DK,EE,ES,FI,FR,GB,GR,HR,HU,IE,IT,LT,LU,LV,MK,NL,NO,PL,PT,RO,SE,SI,SK,AT,BE,BG,CH,CY,CZ,DE,DK,EE,ES,FI,FR,GB,GR,HR,HU,IE,IT,LT,LU,LV,MK,NL,NO,PL,PT,RO,SE,SI,SK,AT,BE,BG,CH,CY,CZ,DE,DK,EE,ES,FI,FR,GB,GR,HR,HU,IE,IT,LT,LU,LV,MK,NL,NO,PL,PT,RO,SE,SI,SK,AT,BE,BG,CH,CY,CZ,DE,DK,EE,ES,FI,FR,GB,GR,HR,HU,IE,IT,LT,LU,LV,MK,NL,NO,PL,PT,RO,SE,SI,SK
cost,111.85277403453625,118.23748643886861,117.5010737094799,149.4973987600982,140.10828670354397,124.71010815698145,141.27187389467952,119.32539252501405,122.89453354013756,91.56573582616254,90.63416785367369,102.629769918531,103.85985775594072,107.66939722466432,161.88440552536042,113.8850765871003,113.04769688759973,124.80350197941873,112.3116363726936,118.74662132519893,122.6964747879684,175.77833914012706,119.9053052215692,102.52183960290844,114.53654673801226,97.05190469724629,107.13576841293145,116.72583174942443,194.74811874387066,162.80226764054888,85.08119075914806,90.44977453104178,86.98958102863848,110.94179990433753,94.65965956851635,95.15418729873875,107.00743680836537,91.1718116162687,94.7378959926782,70.3009649401025,71.81997441223919,79.0064422992747,81.45039665541472,81.1003020838515,115.27371517725483,86.715679319519,87.20494230937493,91.2995418037719,86.55741722202838,89.83086834759608,94.028829744895,120.00250479970994,91.44868656135611,80.38084776162692,89.08256008001457,73.7304557807003,82.34537524945348,90.22073608635546,135.1822143770367,119.44419675107422,69.10594923317113,74.17930259146,68.64460538359305,87.38012984945345,68.65853861369119,77.3368490156419,86.55963270416984,74.89328926165553,78.24190496150209,56.76773885489697,61.697963279246,64.45754901930286,67.9033332306504,64.19753073957799,86.7769265987777,70.76610241413061,71.99868453010293,70.15203848737738,71.37752048349907,73.15547570407055,77.04883396857097,86.1215312444642,74.83425956238858,67.55593586158888,73.85546233499235,59.06248149885608,67.102339993286,75.08756007309957,98.16722757637035,92.9903427738234,116.18782903410356,123.84010104069668,115.1239141249784,155.54499171288933,107.5875018621392,111.55961863937328,146.754289190859,124.76589047467283,118.7021319712539,81.10979187865983,90.42762178948095,99.9164294727922,104.51935748585399,100.61763928561744,136.28859404295594,132.6774633072852,112.0352252432141,101.88685943576245,109.17941216995142,121.23258532734444,118.52585579787254,166.50697757597655,121.74271422953629,92.35828928295537,108.98198851756311,86.11344005433219,108.7317880201155,117.7001567226643,166.2457305030241,173.24347579941886
wind,4.38836286909,4.82602206874,4.05336023244,4.91497175571,1.57524039439,5.1996970731,5.36074467939,4.77176112644,5.04364712076,3.90679185326,4.52442738814,4.42893942791,4.54731776733,4.02641198686,4.0575127886,4.49857900451,4.29614613055,4.11648405205,4.56634016539,4.63141217162,4.93077594269,2.18536057161,4.70377724014,4.61925786922,4.79189330889,3.84951949322,4.45196419838,5.21478069128,3.65120208315,5.26586346627,3.83280471318,4.40831028807,3.50044173021,4.11236568157,0.861118532107,4.60007519015,4.55955576787,4.25363608343,4.49978288328,3.16362960893,4.336027237,3.97051086018,4.13703925894,3.13026748097,2.96284158189,4.06304511551,3.77934013926,2.9842266932,4.12941644509,4.1116811959,4.40926439123,0.910499732483,4.33386047733,4.35473827564,4.31936723011,3.19886477226,3.95214818162,4.83000389397,1.59896340974,4.18032801783,3.43896068166,3.87358793092,2.92479735838,3.08403027926,0.437101085078,4.14971700007,3.72487236476,4.15162080701,4.15675938804,2.76990199384,4.09834789575,3.33336008267,3.88107352533,2.39102518965,1.99339479734,3.55582630298,3.48496069136,2.40068353561,3.80136870134,3.93347020119,3.849195155,2.39968757342e-06,3.89524552568,3.9663013718,3.74429240468,2.67436846114,3.3645526829,4.50558174792,0.363834021074,3.15638502258,5.09249893147,5.80347824895,3.15008966006,6.08572633109,1.34126636204,5.62050736984,8.00404214536,6.11402405769,6.71908174013,4.31340290058,4.9550789614,4.64149039296,4.6709109668,3.87925500681,4.07872920132,7.33664945648,5.19687609377,3.44698336302,4.91700552576,6.10657716196,5.4177519176,2.87521098493,5.82621979055,4.64186913076,6.66397591366,2.99839634251,5.50279233057,5.98355293259,4.152284209,4.75823082462
cost-wind,62.67125810579329,68.92157365213002,57.88700545077821,70.19188537356757,22.496384250912918,74.25811562564854,76.55807495039183,68.1466601772441,72.02952899044058,55.793827426135415,64.61442799552292,63.25074163227304,64.94133096712093,57.502151120217185,57.94630909695916,64.2452810561247,61.35428884068937,58.788491793046475,65.21299437649998,66.14230323712931,70.4175887419814,31.20965620283699,67.17576606195739,65.96872474202091,68.43417268252114,54.97590717535655,63.57956387783435,74.47352837895261,52.143688882536395,75.20305368751542,45.18677774253342,51.97168969296967,41.26839072175293,48.48265642393002,10.152140438173234,54.232498332478535,53.75479537972279,50.14816112039807,53.050104101894156,37.297550670097046,51.11951004707731,46.810261724608516,48.7735450916718,36.90422850161753,34.93036407172465,47.90119255517994,44.55645817250297,35.18248343184789,48.68367607381442,48.47458669323597,51.98293807389712,10.734319154030242,51.0939650754556,51.34010347868373,50.92309721499673,37.71295495319019,46.59377527749186,56.943238381512494,18.850948488429186,49.28389708534008,35.5440150312619,40.03618546027548,30.229784778892093,31.875566123067983,4.517739217272433,42.89016859441773,38.499108183654194,42.90984574363693,42.96295649955332,28.628835051596873,42.35923370300421,34.45256048284904,40.113554207654865,24.712883672756053,20.60310111067949,36.75190130428284,36.01945665085779,24.812709296180643,39.28975023773069,40.655109755029436,39.78406940713813,2.4802415344510674e-05,40.26003154196981,40.994442399301626,38.69982760289774,27.641430531275553,34.77495737949052,46.568274603053744,3.7604739079762695,32.6234019729701,52.63446585248007,59.982924263823996,32.55833508772438,62.900151589984176,13.862906891469112,58.09179485601996,82.72725996628795,63.19262798408341,69.44631371946282,44.58197453426485,51.21413630122568,47.972983574558576,48.277065364261546,40.09475857269625,42.156461053281134,75.82929922721534,53.71327534439926,35.62693494028314,50.82062125585252,63.11565921407827,55.996178328467764,29.717275632552617,60.217973678833374,47.97689808923387,68.87675724421568,30.99048071012314,56.87512926646201,61.844119506963644,42.91670245776865,49.179575926663084
solar,2.23109440689,2.31142515907,3.23640715996,4.09738051773,5.77631434508,2.47837102021,3.22347989185,2.17423839873,1.98571989048,1.61598116016,0.00098677310985,1.86383415898,1.18075515755,2.23747661256,5.96720931061,2.32541414974,1.85356687507,3.47125405055,1.76935681337,2.50148108378,2.15613194484,7.68275685995,2.49315119396,1.31022448993,1.79073370644,1.94404863123,2.12495101725,1.66649194434,8.18978726087,4.81242717908,2.77762697891,2.62547194451,3.57174408141,4.72642527094,6.163993331,3.08129298924,3.97137866938,2.76350833191,2.57470329241,2.34886369208,0.0234166930086,2.29883200662,1.60451274435,3.07073992664,6.6860019671,2.63705706958,2.47251575062,4.41647122973,2.19874467806,2.87695344961,2.68314624483,8.59475669664,2.7534653963,1.56411562457,2.29736349824,2.50262068933,2.54022601907,1.94625831676,9.66922123765,5.55687667229,3.37119337886,3.33035879296,4.34411677045,6.11009830405,6.63600057455,3.65700096673,5.13040188951,2.92585982725,3.24783159715,2.81445141359,0.624267762151,3.13757984035,2.50674259544,4.02934382037,7.83415480645,3.44120981258,3.05435195097,5.22450389482,3.24157276813,3.03381317318,3.71505058045,9.58682017416,3.28691753902,2.29741796435,3.35153010581,3.18664507785,3.24321613322,2.28361463658,10.8765569755,6.70822827322,6.73664543347,3.91338012197,6.07861272215,12.1139109094,8.60852756121,2.84045689343,3.49257311321,2.19257643436,2.42309860279,3.72991763207,2.4177854889,4.63702621812,3.19692525442,5.44644019521,11.6974567918,1.16028770978,3.78566659039,8.09288495944,2.81763554256,1.54272225071,3.61224671705,17.9211587631,2.48695543603,3.97308077811,1.52480132941,5.60000795101,1.64231904898,1.58081284712,15.4898887345,14.6930872514
cost-solar,19.27185001574781,19.965734686375956,27.955586811578865,35.39254213146922,49.89491406478289,21.407787334038108,27.843923059762748,18.78073657009088,17.1523427177434,13.95859648551981,0.008523594211824775,16.09951253302611,10.199181276844186,19.326978525801916,51.543835389265816,20.08656943421602,16.010825315232207,29.98415809844972,15.283431766179541,21.607408505423795,18.62433580882881,66.36247101654531,21.53545619952271,11.317517438488007,15.468082077603155,16.792392795519902,18.354999756526116,14.39490086326762,70.74212156372921,41.56900511270507,16.62273099389532,15.712157966846666,21.37513118036284,28.285330045438798,36.888467662272696,18.44002267489918,23.76674758606479,16.53823783737692,15.408332560055674,14.056793655602926,0.14013738763487127,13.757378631595948,9.60221942259259,18.37686778689821,40.0124325431818,15.781489240999543,14.79679039438691,26.430407593063123,13.15840520889274,17.217151056616284,16.057310280947785,51.4353905729601,16.47813580845022,9.360462534381984,13.748590331385602,14.976953642210928,15.20200304047464,11.64739854911283,57.865532259838915,33.255173135586766,13.775374183298995,13.608515852382721,17.750934842286977,24.967090574760153,27.11603302505466,14.94324147089634,20.963853981762156,11.955651722916219,13.271293131873712,11.500414537485689,2.550883633115324,12.820782279007815,10.24305441804029,16.46470925898947,32.011932197503505,14.061475413658941,12.480696383643542,21.34837370189236,13.24571829767985,12.39677080669531,15.180443867888284,39.17367539791254,13.431006151584256,9.387711874617027,13.695026094805856,13.021272707766162,13.25243341796232,9.331308701129906,44.44379936880073,27.41116992874491,27.527288160978415,15.99085826392154,24.838434154522975,49.49987640773151,35.17617502055339,11.606678158510412,14.271356190568511,8.9593082966383,9.901268241025283,15.24119363096986,9.879557789061241,18.947821757401332,13.063279576850016,22.25525006261989,47.798161123141234,4.741168947094771,15.468995087273989,33.069155640183816,11.513425528870725,6.303873399163435,14.760366605425626,73.22945913102495,10.162200104963325,16.234807152310452,6.230644910354397,22.88275879940729,6.710845948478225,6.459519237133789,63.29480080064743,60.03890968258234
charger,0.00784461708236,0.0371493125327,0.182723652668,0.325711753421,1.95148526474,0.0754335396986,0.0858454171779,0.00477465219581,0.0157714651817,0.0631627754785,0.00630397791554,0.0882953365814,0.0086914630063,0.020266471477,0.833645930898,0.0189284160648,0.0080525753842,0.430493961634,0.00284832631297,0.0299415935333,0.00238764261613,1.64771008601,0.0139509603834,0.0133172172425,0.0320051150471,0.0642879702026,0.0222062988445,0.027999913917,1.43864122558,0.473964005349,0.164562138758,0.0754421352778,0.493585543114,0.549784086096,2.21686184136,0.231125214034,0.268038211286,0.0851727944649,0.0789886882278,0.361808473248,0.0267574318803,0.16873253673,0.0232454939698,0.419474785911,1.22740813896,0.110898643622,0.0574005859662,0.912553036484,0.0669655148232,0.187020406808,0.0397744060457,2.0811208273,0.0718928003814,0.0455797504014,0.078451381412,0.326636410517,0.145078918141,0.0335066890794,1.88147952724,0.867232571185,0.340375718629,0.241828585377,0.780370714449,1.05271211796,2.44222586808,0.345822429241,0.598855205234,0.119530909471,0.236259930536,0.614552041905,0.0493354668211,0.4915221024,0.167649685668,0.886320857213,1.59084727987,0.208946962033,0.181174405893,1.19860633332,0.229055831901,0.279904494149,0.321307450838,2.34434404123,0.256593046244,0.19310879301,0.337174718825,0.532117474171,0.466947641934,0.124183999952,2.22654641349,1.34814594796,0.805262896584,0.235054551076,0.675839403864,1.78652295997,3.13236173439,0.227392068462,0.237404367001,0.122998761552,0.135436191684,0.789344916156,0.130422170366,0.6591459721,0.323070719996,0.944146359243,2.06813622757,0.172255593626,0.304558649449,1.84709284002,0.103814648307,0.136448514362,0.335130443917,3.15924354762,0.0542016665299,0.481021781003,0.0871662505611,1.22635522071,0.0414820319082,0.100071635751,3.59220162071,2.12963715655
cost-charger,0.045173729799852076,0.21392669508064516,1.0522258546217016,1.875631989069606,11.237752860619738,0.43438886875097965,0.49434633194146627,0.027495140415050415,0.0908209921766574,0.3637268872295402,0.03630186050268833,0.5084543497074309,0.05005034628075018,0.11670577376645912,4.800603475702472,0.1090004959927519,0.046371270997634786,2.4790270448065894,0.016402269466186142,0.1724205836753704,0.013749392897992155,9.488444041619687,0.08033749871938373,0.07668804826068606,0.18430350445045798,0.37020639310026165,0.12787639387930735,0.16123929726919836,8.28450762108168,2.729352075149358,0.5471241349228907,0.25082448072275937,1.6410370290812966,1.8278818248831432,7.3704597324255,0.7684281678738984,0.8911537950524026,0.2831762630352188,0.26261579997378387,1.2029142877432402,0.08896114793327956,0.5609895683690985,0.07728491422796253,1.394639016578554,4.080796599352406,0.3687076803555401,0.19084126019416764,3.0339894366090556,0.2226420344547702,0.6217917381240876,0.1322390293664526,6.919157960027241,0.23902391226028807,0.15154021269157172,0.26082940166247454,1.085976792032572,0.4823477513267596,0.11140058348206044,6.255405201254236,2.8833112760178006,0.5454288803886976,0.3875138188453663,1.2504908598782223,1.6868993892492579,3.913500429021784,0.5541568627573297,0.9596246331006503,0.19154013214342025,0.3785904291645991,0.9847777435680853,0.07905672161361296,0.7876306543785566,0.26864718999266346,1.4202687393860693,2.5492242931542988,0.3348232594890187,0.29031963196239335,1.9206849214826156,0.3670463523176233,0.4485278664247424,0.514873281434434,3.756651475623357,0.41117286066147196,0.30944367356433156,0.5402994964648015,0.8526819696227956,0.7482517571055222,0.19899639236557026,3.5678888092690517,2.160311957498525,1.2903788844617945,0.37665889076944137,1.0829865621933341,2.862781228255682,5.0193960974723115,0.36438028485129337,0.3804243105657026,0.19709712864573273,0.21702726237893094,1.2648714062025814,0.2089926351007653,1.056236476042777,0.5176988000306065,1.5129301635240076,3.314047287621951,0.2760278434388734,0.4880344692352238,2.959840331043675,0.16635589525042307,0.21864944044462148,0.5370236853147926,5.062472370221481,0.08685447484233713,0.770804605310322,0.13967797304320045,1.9651506214512329,0.06647212765667021,0.1603579728488985,5.7562581608528065,3.4125983328361618
elec,1.19571562003,1.10877281896,1.20597908285,1.47817488383,0.915663358312,1.0872136303,1.22047479197,1.22440742742,1.11641603435,0.645722012235,0.876996112781,0.770161776957,0.818394327776,1.16432571306,1.54183559834,1.16890023581,1.05925257772,0.975853038204,1.09176239486,1.26598136435,1.24487261715,1.63349217585,1.19949176769,0.73930926646,0.8573305305,0.904602041101,0.906328335808,1.10036759792,1.6398712845,1.5211261576,1.12510201767,1.1774412341,1.04754239898,1.43560663864,0.912023014023,1.1108395328,1.25871773316,1.259146734,1.12882666746,0.633217427185,0.942649419471,0.81762042991,0.853447867711,1.02007090841,1.4120531275,1.17081356064,1.09630945118,0.902473804059,1.11136001412,1.28430154947,1.26153575976,1.61205754321,1.27359030374,0.782135902924,0.892783650614,0.857108011632,0.89811976437,1.16208697333,1.85802416476,1.3867846245,1.1377286697,1.25023780641,1.06174432734,1.29512325482,1.0171686956,1.20966863247,1.26588729481,1.3749774888,1.20290246056,0.64721566218,0.976028099539,0.803102994349,1.02738934871,0.959158506123,1.53498543211,1.29120980709,1.1494568424,0.87070047291,1.24647575149,1.32695382559,1.29582893225,1.88047325161,1.27002040305,0.751887591032,0.985573869783,0.941727709395,0.848616900432,1.19612194496,2.29295173564,1.34374229287,0.794662592335,1.190881365,1.15097310523,0.873410129989,0.777549377565,1.08791522896,1.52613482128,1.37835967889,1.38770710268,0.443566381851,0.571730263836,0.565007272122,0.556809140305,0.907150873837,1.12475822787,1.05835748008,0.974516768461,0.753236357269,1.07770407923,1.16244875532,1.02274151361,0.998914976226,1.63720204852,0.808524957844,1.0899763193,0.802507422267,1.29924855443,0.803029102217,1.06759416851,1.24278126849
cost-elec,15.761986651203365,14.615902041345052,15.89728016184589,19.485379631059747,12.070322900312766,14.33170767424197,16.088363367435722,16.140203576285206,14.7166553115469,8.5119417750693,11.560609221166269,10.152313346344616,10.788117386559035,15.348203234515003,20.324558542419556,15.408504835759718,13.963123597780296,12.863746449445715,14.391669729661459,16.68823341544729,16.40997679153392,21.5327804030417,15.811764029714485,9.745613918434135,11.301376473672773,11.92451203081845,11.94726813910371,14.505103972294512,21.616870151225598,20.051565597416815,9.358729828430626,9.794093536172014,8.71357987267905,11.941543486658206,7.586313819993289,9.240092815533936,10.470160936422948,10.473729415453892,9.389711899871862,5.26717642543285,7.841067833142589,6.801062113086832,7.0990789200594495,8.485068809512228,11.74562263343044,9.738963775200071,9.119229901655036,7.506882377577863,9.244422239868907,10.682970104894029,10.493601610410316,13.409282694230386,10.593872713423165,6.505897678274636,7.426278550846134,7.129524424157602,7.470664967537125,9.666375003981234,15.455261744792773,11.535436277853881,6.110026411458523,6.714242350756037,5.7019622121100735,6.9552939147880615,5.462574478907687,6.49637078711704,6.798285928101263,7.38414087248426,6.46003392563541,3.4757889953429353,5.241634165799345,4.312961989335913,5.517463190168628,5.151038170403091,8.243443081968925,6.934277243918312,6.173011064006693,4.67598560854788,6.694038715623402,7.126235926953213,6.959083665235686,10.098841260990673,6.820482257665918,4.037916211485484,5.292898504882876,5.057428304345195,4.557388604979783,6.423620033199852,12.314004242025703,7.21639624480453,4.267633889058309,6.395476168305067,6.181153959746902,4.690537475578753,4.1757295563168,5.842509694447886,8.195912007672362,7.402304492096591,7.452503636898889,2.382116563046039,3.070404311064105,3.034299343306381,2.9902723241580484,4.871737828126692,6.040370311317806,5.683773581761475,5.233517755402943,4.045159588180146,5.787672019874641,6.242782471892108,5.492502585787802,5.364545211954345,8.792384356446703,4.342079951323414,5.853578516698029,4.30976354558754,6.977448309103295,4.312565161084906,5.733378036465597,6.6741979668509925
fc,1.65463137074,1.60807875952,1.53423062313,1.4568110207,1.38322832126,1.57250425667,1.57426823512,1.65871187664,1.63843908733,1.4450000463,1.65075122437,1.45972447184,1.59019339385,1.62890887989,1.29927014293,1.64326374557,1.6525368937,1.31757805058,1.6618941895,1.63611103132,1.66466177225,1.40143198711,1.64284277267,1.5872918329,1.58538806983,1.54712459984,1.62066998568,1.60404291819,1.31415233229,1.49378615234,1.55606216334,1.59185655777,1.35708635693,1.40690243186,1.4083574745,1.46587737305,1.46399514343,1.60229854306,1.57659446201,1.22340464229,1.61546412542,1.37730253141,1.57152962877,1.38900566049,1.22345092208,1.58097236923,1.60928578139,1.08955645766,1.5989858604,1.55255380551,1.64300982808,1.45987382663,1.60240562731,1.53679601404,1.54193321452,1.37613159553,1.53276718016,1.59604229526,1.3696682082,1.44132397434,1.46737940397,1.5168737541,1.25696963412,1.32317748786,1.46445387543,1.45240748234,1.41513164141,1.59426348291,1.5048458116,1.1355062521,1.55809336422,1.22758565617,1.45899757905,1.31163023298,1.25776764184,1.55082252645,1.55230399621,1.05136131615,1.54330309156,1.51665428635,1.5347889867,1.52645972462,1.52535883386,1.38875357106,1.45697764988,1.32410272284,1.35407061897,1.54139476882,1.41701375452,1.38048494428,1.28582997327,1.48642619381,1.34342088103,1.10448903895,1.31781794899,1.46267664793,1.41388363081,1.5751324598,1.53868257824,1.00170600288,1.47125601476,1.10049842621,1.38002961917,1.22359701804,1.03219198558,1.55374891334,1.49885926675,0.804171218218,1.58088159615,1.55094370973,1.51294832403,1.27868687812,1.60913733717,1.18750532038,1.48253864359,1.1839012582,1.57822432096,1.52606419414,1.13725759412,1.1774430092
cost-fc,9.147168674825053,8.889815529820645,8.481566676434822,8.05357396779399,7.646792508655079,8.69315179924816,8.702903462794639,9.169726615165098,9.05765414596924,7.988280285490286,9.125718366341221,8.06968017094879,8.790941267258313,9.00496904855037,7.182653104316281,9.084325925254996,9.1355899418763,7.283863272525999,9.187319145453863,9.044784136742722,9.202618955842725,7.747426405107577,9.081998693829357,8.774900795707202,8.76437637182274,8.552847435364765,8.959422616658895,8.867504505115589,7.264925143112285,8.257980684520074,7.449813224705928,7.6211826977754225,6.497195373753238,6.735695134598182,6.742661306102999,7.018043942476443,7.009032567837712,7.671174813732188,7.548113789920531,5.857179936652201,7.73420644054455,6.593982460761894,7.523865361714235,6.650012436841696,5.857401506072563,7.569073486693881,7.704626960915867,5.216367506755994,7.655314992915807,7.433016588186708,7.866084423824994,6.989301325010023,7.671687490976454,7.357574484361377,7.382169378431497,6.588376480609159,7.338286013356502,7.641222361513032,6.557432325843467,6.900491932839108,6.771961269367857,7.000377874661673,5.8009194186605555,6.10646890371004,6.758459944549129,6.702865796764068,6.530837655726976,7.357531753699569,6.944868876416358,5.240365470267609,7.19060652480892,5.665312253888447,6.733279116973394,6.053178280573777,5.804602227181566,7.157051582139638,7.16388857045317,4.852036285787323,7.122349362860257,6.999365030199734,7.083056738063109,7.044617163365817,7.0395365485170895,6.409102765426913,6.7239571365305055,6.1107388664972175,6.249040815787047,7.113542446496453,6.539523614553306,6.370943022858954,5.934109988472191,6.859862273534401,6.19989223658287,5.097220919126136,6.0817346123937535,6.750258033193214,6.52507808228326,7.269242012686583,7.101025677136591,4.622876835018827,6.789851842218523,5.0788042268629,6.3688416958255045,5.646904674457519,4.763569755707551,7.170556868246728,6.917240950229135,3.7112530876329513,7.295774297785571,7.157610843416194,6.982262000656809,5.9011445784573455,7.4261746450352595,5.480341358904638,6.841921215174623,5.463708598877258,7.283510963149657,7.042791788766603,5.248447920039474,5.433903756327601
batt,0.0423611975571,0.234040617573,1.12344751527,2.01322254263,11.134194824,0.475198526967,0.540826028937,0.030046830524,0.0745063708944,0.340696993918,0.0166141060623,0.383396334555,0.0194376272139,0.127678623377,5.08297299447,0.102214277817,0.0387337970222,2.6748013823,0.0157785835918,0.161684588681,0.0129020973501,10.0164917791,0.0735686065403,0.0336520190066,0.155238071172,0.379887966068,0.13100898063,0.119107969802,8.84952846568,2.75018408577,1.03673216241,0.440911124729,3.10960626788,3.4162694163,12.491004662,1.45538716196,1.65892069153,0.54504932931,0.522725313125,2.35823909055,0.145806902211,1.09257710154,0.138350617748,2.64268784009,7.65589450207,0.646834855071,0.378849327381,5.58337032805,0.421886095011,1.09087452523,0.250577893944,12.2906442949,0.452928742367,0.267111864736,0.494350923873,2.0336390928,0.908192656411,0.198054314963,11.2879005469,5.13902888941,1.96464314483,1.30587543409,4.43006099728,6.43878180602,12.6964014171,1.9017249207,3.52627046855,0.708128032212,1.39678447964,3.5332617721,0.242890827648,2.89937735208,1.10785834631,5.05365047608,9.26167229644,1.02830371556,0.978356956683,7.08784506211,1.30199038127,1.50682172146,1.81693259829,12.9924920069,1.40109393146,1.28391258311,1.84645054521,2.89888328434,2.78301868995,0.722644664801,12.1014033763,7.67185111859,4.0033724825,1.48084155149,3.24394219162,9.38001791784,16.1037270394,1.37120722782,1.89900573972,0.774890030414,0.73135522972,3.80772244148,0.799728806956,3.48169868906,2.10644186031,4.79682635539,9.86676115264,1.16097433065,1.4378128832,9.32228460605,0.540458623412,1.0109209456,1.97710957215,16.0559117301,0.339736339432,3.11361289019,0.739176068191,5.90430061959,0.33040526902,0.687712922869,16.5598217297,10.0912843764
cost-batt,0.12196983436869625,0.6738689415578555,3.2347222283955173,5.796635464351986,32.05848693681371,1.368230573469682,1.5571906597496454,0.0865132988125904,0.2145248539103091,0.9809627280267088,0.04783669682310581,1.1039061716847256,0.055966410501123436,0.36762276431691004,14.635312738748368,0.294303732056929,0.11152552523805132,7.701507520615646,0.04543099199852329,0.4655355287066724,0.037148776889022,28.840304658654972,0.21182476586883503,0.0968936531804747,0.44697418676708783,1.093804589389113,0.3772118020675417,0.34294543559962937,25.480288175166148,7.918555583152286,1.7234255454696268,0.7329544921933193,5.169295477395875,5.679081054620168,20.764588293497464,2.4193822709615698,2.7577289500161872,0.9060700263125938,0.8689594000913817,3.920250223096317,0.24238404969715963,1.8162601252883015,0.22998899571528025,4.393107397889218,12.726878394141963,1.075274553398723,0.6297852351513998,9.281590175431491,0.7013279801508068,1.8134298248383334,0.41655150598316476,20.431516563421003,0.7529321392500764,0.44403697297662764,0.8217908554594496,3.380647085019372,1.5097461823004976,0.32923823353204107,18.764592112224395,8.54293325513036,2.3611550094498837,1.5694322559458749,5.324153011411814,7.738281609077866,15.258838169598617,2.285538386410133,4.237955988802472,0.8510451656267226,1.6786889160520864,4.246358304227086,0.29191199224128234,3.4845408832460527,1.33145059500211,6.073597726388928,11.13089875694182,1.2358399415281676,1.1758127349392486,8.518341317427277,1.564763106766259,1.8109342988500006,2.183632950123593,15.614686905384032,1.6838681180764095,1.543036777586513,2.219108323054418,3.4839471008472604,3.344698266685319,0.8684916010509159,14.543755327025009,9.220213730967364,4.811348573212069,1.7797107106719383,3.8986471290042686,11.273129348563712,19.353843404056466,1.647949564520651,2.2822704098264857,0.9312813280617974,0.8789601658117773,4.576211685544145,0.9611331623835081,4.1843885606922555,2.531572089147139,5.764940370109996,11.85810898223826,1.3952866523727758,1.7279978304217785,11.203744076890425,0.6495360694015774,1.214948913823123,2.3761374592622175,19.29637782442732,0.4083032391164576,3.7420142647819086,0.8883594360978311,7.095929366067795,0.39708893604834,0.8265098000970896,19.901988885651562,12.127946349860885
H2,959.842167015,984.326477836,596.54444982,1730.98332236,936.344222308,839.825760798,1991.2415644,1387.13954932,1913.08526676,789.844100914,1041.58403475,684.165509608,1796.09992293,1192.13767103,1082.80831914,927.064455458,2469.72397696,1134.87275369,1625.51601806,918.648029846,1589.33169388,2104.69414268,1194.1398589,1301.08353453,1973.59501605,663.722361745,754.648966459,790.503003802,1833.79102304,1407.5314103,1005.20982007,1047.09923781,557.827091421,1912.05425984,1235.58605546,728.290045172,2000.17553323,1234.48153038,1966.82492192,646.844729669,1113.93886105,639.608566309,1948.88038204,1171.66610538,1416.85317256,1025.77882552,2444.49001832,1112.24887566,1651.12560722,860.631188928,1696.42022122,2412.96084876,1106.88540212,1249.38054738,2040.81870745,684.990577782,898.880910057,930.99702497,2737.77708173,1686.18480322,1005.11375718,1220.78373948,649.265395432,2020.92582579,1413.80219398,871.511027483,2152.93297439,1067.06573352,1645.03987934,675.569439701,1000.27214063,736.462243364,929.330866095,1084.92080466,1615.26008584,1078.76720704,2182.82309187,1010.20569296,778.359561777,935.27686243,1343.32588591,2618.98315728,1302.50180355,1225.04825162,1679.76896926,727.857155852,1049.39102828,1152.33244017,3262.80634332,2007.51520808,202.06426216,332.627741052,413.569513865,196.929777505,245.044563737,279.332421926,331.663483156,377.171271376,242.917872202,86.4993620855,187.525583648,201.238175336,315.25472638,209.733070141,208.578512,385.032916442,291.849809379,115.489520921,337.654050897,378.863033189,331.760125241,286.213234233,355.088860106,141.501661638,206.454240075,137.346956481,311.67577025,379.712074951,239.680601785,372.732942472
cost-H2,4.833374085344351,4.956667099015305,3.0039547996550278,8.716526758224141,4.715048009549129,4.229020361826032,10.027081228325635,6.9850696091941495,9.633517956569797,3.977333086638792,5.24499282723259,3.445178757367555,9.044427428289033,6.003119599588424,5.4525815274426925,4.6683188845406765,12.43652371026278,5.7147568072646555,8.185436384230622,4.6259371942563465,8.003226870211034,10.598382188648506,6.013201801951907,6.5517265804464895,9.938220400554423,3.3422353938652276,3.8001047290495085,3.9806510531264716,9.234224451987563,7.087754712849463,4.200829345176699,4.375887618366175,2.3311913278092713,7.990584138689219,5.1635848124782955,3.0435657635592452,8.35884798152083,5.1589689389801405,8.219473868899373,2.703201130662651,4.655214227717836,2.6729607900071417,8.14448261015068,4.896459684294019,5.92111046495972,4.28678839568562,10.215663633523883,4.648151682090559,6.900148371908525,3.5966269744273793,7.0894371550766015,10.083901430178635,4.625737419327644,5.221232783381827,8.52869813174381,2.8626148122148116,3.756474747255881,3.890689828809901,11.441327050190097,7.046662757696008,4.003993183878893,4.863140850426884,2.586427853830086,8.050604395556865,5.632053394564347,3.4717704227903665,8.576470964830209,4.2507864341167005,6.553216904090924,2.691213220868559,3.984706014116591,2.9337871276251297,3.7021027986449795,4.321914286692127,6.434585466266552,4.29740068039552,8.69554189167837,4.024277530810001,3.10069020317264,3.7257893999143774,5.351302429689539,10.433038683963407,5.188674720796009,4.880129054417878,6.69156446756686,2.899507712485696,4.180377091092103,4.590456754813803,12.997786833227568,7.997181565037563,19.72260430089747,32.46633148357215,40.36670208616728,19.221449826290723,23.917722584927287,27.264409684160423,32.3722145094792,36.81402965322497,23.71014557370073,8.442822458834993,18.303547807260372,19.64197359770545,30.77062789785728,20.471122933791914,20.358431589395284,37.58137026622286,28.486176843664634,11.27242441427626,32.956927490540195,36.9791550863545,32.3816473185316,27.93601552355546,34.65866256934633,13.811355113334887,20.151090745663574,13.405832608155198,30.42130172405635,37.062026320128645,23.394169840203944,36.38082388098646
wcurt,0.1299893045119143,0.16088565033618835,0.11159778048051307,0.10100683274333772,0.06493195336174686,0.16733010858757866,0.1336966427432096,0.1517802039977675,0.14605303375989653,0.13380782321930668,0.16508716725895964,0.13812608776487098,0.1830287747483047,0.12219992856568919,0.07535736398876904,0.13266797662416693,0.161701575023064,0.10494294501780747,0.14302556053974957,0.15414587924887008,0.14666830992865754,0.07273560007058955,0.14146901032393405,0.1631145372735317,0.14997413604099344,0.14047374452076863,0.12799429878691237,0.16707122542967,0.05695598945421033,0.08530817799966879,0.10029005461162253,0.1282679801289086,0.0915258247495791,0.06533156968030034,0.06290762646658032,0.1328038283416819,0.09557277305290705,0.11626837499715229,0.1111107584906786,0.09032115422211022,0.1372877403422135,0.1021329703596514,0.1478092728629648,0.08548229574386013,0.05701758866903994,0.10443259788344307,0.11892874400522,0.06517255099815103,0.11087891922811118,0.11199052262976529,0.11376699397743677,0.08572009859361596,0.11022387381287002,0.1355691642246263,0.12057385108487863,0.1048837941871757,0.1014901231090824,0.13829647746471574,0.06964743360205798,0.05961552088354027,0.07876558190763708,0.08660516662241885,0.07237698371957794,0.04916875204300058,0.08365546709808994,0.10641177331652735,0.06576985809553415,0.10041571858597569,0.08786752628539007,0.06332896132617694,0.11607838294698991,0.07367150883154562,0.13316809460080353,0.0721239075485241,0.06120286161088212,0.0835071624075606,0.09103481118572508,0.0686611279179307,0.10004395631229202,0.09430987714887355,0.07841101399459492,0.459401339565616,0.08277727576894568,0.10885419490110022,0.0861615188208377,0.07893038095234674,0.06817271414206816,0.10576496730224726,0.15925043510190856,0.049078942850675135,0.36774576223363137,0.3149962071745599,0.14648809859098613,0.39327207132682407,0.2634496315028972,0.2341645894001198,0.33055356826905463,0.2917593435272162,0.31729827209638867,0.3224066656039578,0.3328001569363214,0.2980455801850774,0.31431298748666137,0.2817291308540484,0.23563237850373744,0.35704668131978956,0.3438995675721089,0.2634608998242997,0.24175228224875284,0.28212429500142444,0.2795926629094635,0.3070187793727225,0.23799458897213302,0.26270153248148237,0.31764645126917973,0.24053759137108804,0.19378953408569294,0.2864635192268604,0.27428157623306076,0.26284484323059376
scurt,0.11112485038411461,0.10242158233788494,0.10578199779586779,0.0833370658033549,0.05428135777961592,0.12236486764501277,0.09203733456824857,0.11403952263523633,0.09877531766261502,0.1123677256057628,0.48094507445072704,0.08975229202036417,0.1269677252595163,0.12732917539535193,0.1035917526879433,0.10669146922679379,0.11743497223074549,0.08102580873206373,0.10593336313140794,0.11601144853091189,0.09761272069407999,0.09308727947375751,0.10324526746851401,0.10191508710056413,0.10522961055740752,0.102846896773169,0.11223006307656465,0.16555656120788198,0.12628321898978837,0.08961299846966801,0.09361330351776945,0.0895662640863969,0.08406680939308918,0.08442338756863413,0.05065521393631058,0.1184340737369542,0.07931241057188847,0.10523678545831516,0.09115768459058032,0.083307768804282,0.4175289967271926,0.08983045479617775,0.10066491123890323,0.09777052206849852,0.10460645291922792,0.0956627800157003,0.09197352425244062,0.06749162297918423,0.09032749881798527,0.10232900403930421,0.0811102087027157,0.1000146619995697,0.08932405664475818,0.11285685872034419,0.09085953084314685,0.079061978219635,0.07822044005835148,0.1277624200911025,0.12798139918262455,0.08209652089742721,0.08214441595795904,0.07935797477457528,0.08116303283903807,0.10133172188900086,0.06012824359793815,0.09805124686500438,0.0772718863562686,0.10047921186519806,0.09120863955049884,0.07132920266235575,0.15363624760706093,0.06003172871131939,0.10456887672763912,0.08085976139293034,0.11536929983687852,0.08713584250040184,0.08952213679414314,0.08053054256601347,0.11118101737451538,0.08650230988849177,0.08254179955413221,0.10546232866798468,0.06714543257795547,0.08559346862679276,0.08931714141824103,0.06886771755080408,0.07001549614753518,0.11077190864921874,0.12034035780982097,0.08669302639799205,0.4800244038313328,0.2854564900218563,0.26825959871112326,0.5523472002986346,0.24639606311561324,0.17435394221328587,0.2411529075284733,0.21552072552410775,0.21591690914356607,0.38362725087895116,0.2697802995578791,0.3670728421545475,0.24589525434594084,0.3860070892645336,0.4415514313602947,0.23776333193750443,0.3029508796900179,0.3677052591941518,0.20262799231600143,0.18424408422731997,0.21793434554977123,0.5503612677877003,0.18468179944038088,0.22353283850424577,0.23497766639419265,0.33313109098596927,0.17268682866851334,0.21244400827194884,0.4402247932969509,0.5189360341020259
wsupply,1.152216550078814,1.1825329403689646,0.9336098114356288,0.8901227160356162,0.20084674650623685,1.168511386096901,1.0412968677566317,1.242550607619273,1.2371298991956534,1.0404600329342564,1.4520065709521834,1.0918935350944672,1.335352349304329,1.0458554441942176,0.5665342077815217,1.1008932981027364,1.2695268536697037,0.8000349428086212,1.2344369192715314,1.1758797165338835,1.2386798884202779,0.23653637175554373,1.1523614276542697,1.2884621655630932,1.1845742796908951,1.0395522003250965,1.0808113477976244,1.3284391409469516,0.31534713119009355,0.787926828631506,1.00634818849015,1.0801799189392012,0.8062561816064988,0.7447672726823262,0.10979457874865307,1.0337602673818072,0.8856700744764787,1.1076325826059368,1.1037282766831977,0.8425404502551902,1.3915440562612085,0.9788743354520621,1.2148711342056802,0.8130830370663767,0.4136896655246954,0.9943093436993318,1.1168087979652117,0.5799817518139698,1.1163215902095613,1.0439240430249583,1.1076688917980912,0.09854955104606608,1.0617368535848943,1.2146789956195045,1.0677640330254061,0.8638446742255239,0.9594701153318236,1.2304191879833237,0.1380993198011068,0.6254990504076374,0.9029397820286922,0.9491554867515597,0.6736681058818231,0.5585312683275901,0.05573138623470668,0.9325527036464082,0.7235371498161165,1.0810681464693734,1.019589832432916,0.7376825866293706,1.3152665661684146,0.8217936559423283,1.1397049678618203,0.6210657826277307,0.27832970618842184,0.8701826381716465,1.0298185972315668,0.46657066827621707,1.027639137413375,0.998677650309812,0.9669716654174065,2.5973443437092716e-07,0.954282157907406,1.1063312331702195,0.9256033455496911,0.7222058813196496,0.8168185003070237,1.1477742787307672,0.03142362766074404,0.47228730040411204,1.33709579748472,1.4220416111545222,0.7255596455495744,1.1021514507353916,0.1710145232266549,1.263078745736266,1.5547436995831447,1.5920713771247286,1.64808851944461,1.1487490228718162,1.5902138755501898,1.1442950249756698,1.3716463753026837,1.0076316039019542,0.5694965702430833,1.7954265578242745,1.5356958436119101,0.6699180909792702,1.3292336824280713,1.5504126940371592,1.3610150651299058,0.311203552970716,1.4273445813658219,1.2947691862653188,1.647360230904141,0.8097087235934006,1.3359227815933925,1.5242800010501028,0.35862460728668805,0.71197017308825
ssupply,0.27768543475529855,0.27138710335713373,0.48672584639994126,0.5231747751018433,1.1068344951159184,0.29891674757380615,0.37311783307028984,0.23267205810546532,0.20330302544138387,0.2881924415705308,6.306990792407876e-05,0.25822782035812797,0.11831971178039863,0.385978252775552,0.864832936923642,0.3252115068524927,0.1909843606911432,0.5536322666341378,0.19525072654456185,0.3080844955823983,0.22308500484043184,1.188765792760974,0.28743675797612595,0.11557695211038278,0.2056036749211733,0.3507610025802668,0.29198817046261666,0.16077926407238952,1.1273306301765982,0.61240110569798,0.3457077176316415,0.3082596999388193,0.5371574326790312,0.6034944685899502,1.1811200081633257,0.37163526814771536,0.4596871248265208,0.2957316785283217,0.2636046360164724,0.41889396920318595,0.0014966851621684013,0.3184952779081211,0.16078310922085873,0.5297212158372817,0.9690081940318858,0.3687950825232902,0.25475845856051865,0.7043854877324557,0.24263421184092096,0.3543279851621895,0.2776127381481034,1.329881049773962,0.31744852403223567,0.1379730863111143,0.26377253980826015,0.4515430982363422,0.34905084486586235,0.18777047253430487,1.3309758756786267,0.7071353584592318,0.4195839029321542,0.3910212807085054,0.6533151755799012,0.7801690109662305,1.2715641682099577,0.44107150460315825,0.5938440753527757,0.3131054203311572,0.33252121459340467,0.5019264113721821,0.03990026672375352,0.4347009091284039,0.2511926875810134,0.6950861872201084,1.1354110031853137,0.4812566521408211,0.3147086099392816,0.8332590732936802,0.35771158951208565,0.3736469594796905,0.38437910940730363,1.4833846875724492,0.37895051188213863,0.20265883295876277,0.3848070228897395,0.5749603196229011,0.44564827022651576,0.2203178250823473,1.4971665855015628,0.8536495740969903,0.8384532318347706,0.4594744897838078,0.9141674010394172,1.5467669132025084,1.6495319831438562,0.3425879859325649,0.40426537641364246,0.23463446871057153,0.2480829643957932,0.6651897285342795,0.15453350587178719,0.6424440540911333,0.3203536925227716,0.9395438855508693,1.695322785778988,0.16226740278592863,0.39006044145526475,1.290738787324989,0.31092958902669604,0.1900029584535268,0.3737424689089421,2.77297080886019,0.28672244567250654,0.350471671344523,0.1750705622639413,1.0103987995976436,0.22567001805438197,0.15251314418848133,2.1321953149944597,1.8697556438858955
